Model,Val_AUC,Test_AUC,Val_Accuracy,Test_Accuracy,Val_F1_Macro,Test_F1_Macro,Val_Precision,Test_Precision,Val_Recall,Test_Recall,Parameters
Naive Bayes,0.8276924340754128,0.8500763144997548,0.748792270531401,0.7729468599033816,0.7476708074534162,0.7721554204949115,0.7534280694816258,0.7767927212898107,0.7488573818361053,0.7729468599033816,41 features (no tuning)
TensorFlow DNN,0.9428354853886769,0.9398277672757824,0.8647342995169082,0.8560386473429952,0.8647190188814531,0.8560159319400666,0.8649252448874376,0.8562634685567871,0.8647453753836732,0.8560386473429952,"197,633 parameters"
