Model,Val_AUC,Test_AUC,Val_Accuracy,Test_Accuracy,Val_F1_Macro,Test_F1_Macro,Val_Precision,Test_Precision,Val_Recall,Test_Recall,Parameters
Naive Bayes,0.8276924340754128,0.8500763144997548,0.748792270531401,0.7729468599033816,0.7476708074534162,0.7721554204949115,0.7534280694816258,0.7767927212898107,0.7488573818361053,0.7729468599033816,41 features (no tuning)
TensorFlow DNN,0.943261166665422,0.936542743121193,0.8570048309178744,0.851207729468599,0.8569662426139377,0.8512027289301888,0.8574299065420561,0.8512549471048408,0.8570215006385219,0.851207729468599,"197,633 parameters"
